pagina_pdf;capitulo;quantidade_total_capitulo;url
1;263;4;https://jso-paginasdavida.pages.dev/?capitulo=263
2;68;3;https://jso-paginasdavida.pages.dev/?capitulo=68
3;82;4;https://jso-paginasdavida.pages.dev/?capitulo=82
4;228;4;https://jso-paginasdavida.pages.dev/?capitulo=228
5;56;4;https://jso-paginasdavida.pages.dev/?capitulo=56
6;147;4;https://jso-paginasdavida.pages.dev/?capitulo=147
7;132;4;https://jso-paginasdavida.pages.dev/?capitulo=132
8;43;4;https://jso-paginasdavida.pages.dev/?capitulo=43
9;75;3;https://jso-paginasdavida.pages.dev/?capitulo=75
10;171;3;https://jso-paginasdavida.pages.dev/?capitulo=171
11;113;3;https://jso-paginasdavida.pages.dev/?capitulo=113
12;147;4;https://jso-paginasdavida.pages.dev/?capitulo=147
13;113;3;https://jso-paginasdavida.pages.dev/?capitulo=113
14;159;3;https://jso-paginasdavida.pages.dev/?capitulo=159
15;82;4;https://jso-paginasdavida.pages.dev/?capitulo=82
16;27;3;https://jso-paginasdavida.pages.dev/?capitulo=27
17;75;3;https://jso-paginasdavida.pages.dev/?capitulo=75
18;154;3;https://jso-paginasdavida.pages.dev/?capitulo=154
19;188;4;https://jso-paginasdavida.pages.dev/?capitulo=188
20;43;4;https://jso-paginasdavida.pages.dev/?capitulo=43
21;154;3;https://jso-paginasdavida.pages.dev/?capitulo=154
22;56;4;https://jso-paginasdavida.pages.dev/?capitulo=56
23;245;3;https://jso-paginasdavida.pages.dev/?capitulo=245
24;34;3;https://jso-paginasdavida.pages.dev/?capitulo=34
25;91;3;https://jso-paginasdavida.pages.dev/?capitulo=91
26;147;4;https://jso-paginasdavida.pages.dev/?capitulo=147
27;289;4;https://jso-paginasdavida.pages.dev/?capitulo=289
28;276;4;https://jso-paginasdavida.pages.dev/?capitulo=276
29;62;3;https://jso-paginasdavida.pages.dev/?capitulo=62
30;27;3;https://jso-paginasdavida.pages.dev/?capitulo=27
31;201;3;https://jso-paginasdavida.pages.dev/?capitulo=201
32;297;3;https://jso-paginasdavida.pages.dev/?capitulo=297
33;201;3;https://jso-paginasdavida.pages.dev/?capitulo=201
34;62;3;https://jso-paginasdavida.pages.dev/?capitulo=62
35;56;4;https://jso-paginasdavida.pages.dev/?capitulo=56
36;201;3;https://jso-paginasdavida.pages.dev/?capitulo=201
37;238;3;https://jso-paginasdavida.pages.dev/?capitulo=238
38;188;4;https://jso-paginasdavida.pages.dev/?capitulo=188
39;104;3;https://jso-paginasdavida.pages.dev/?capitulo=104
40;176;3;https://jso-paginasdavida.pages.dev/?capitulo=176
41;245;3;https://jso-paginasdavida.pages.dev/?capitulo=245
42;228;4;https://jso-paginasdavida.pages.dev/?capitulo=228
43;289;4;https://jso-paginasdavida.pages.dev/?capitulo=289
44;75;3;https://jso-paginasdavida.pages.dev/?capitulo=75
45;219;3;https://jso-paginasdavida.pages.dev/?capitulo=219
46;297;3;https://jso-paginasdavida.pages.dev/?capitulo=297
47;289;4;https://jso-paginasdavida.pages.dev/?capitulo=289
48;138;3;https://jso-paginasdavida.pages.dev/?capitulo=138
49;104;3;https://jso-paginasdavida.pages.dev/?capitulo=104
50;176;3;https://jso-paginasdavida.pages.dev/?capitulo=176
51;68;3;https://jso-paginasdavida.pages.dev/?capitulo=68
52;91;3;https://jso-paginasdavida.pages.dev/?capitulo=91
53;132;4;https://jso-paginasdavida.pages.dev/?capitulo=132
54;228;4;https://jso-paginasdavida.pages.dev/?capitulo=228
55;138;3;https://jso-paginasdavida.pages.dev/?capitulo=138
56;113;3;https://jso-paginasdavida.pages.dev/?capitulo=113
57;188;4;https://jso-paginasdavida.pages.dev/?capitulo=188
58;159;3;https://jso-paginasdavida.pages.dev/?capitulo=159
59;68;3;https://jso-paginasdavida.pages.dev/?capitulo=68
60;121;3;https://jso-paginasdavida.pages.dev/?capitulo=121
61;138;3;https://jso-paginasdavida.pages.dev/?capitulo=138
62;121;3;https://jso-paginasdavida.pages.dev/?capitulo=121
63;154;3;https://jso-paginasdavida.pages.dev/?capitulo=154
64;43;4;https://jso-paginasdavida.pages.dev/?capitulo=43
65;245;3;https://jso-paginasdavida.pages.dev/?capitulo=245
66;276;4;https://jso-paginasdavida.pages.dev/?capitulo=276
67;171;3;https://jso-paginasdavida.pages.dev/?capitulo=171
68;82;4;https://jso-paginasdavida.pages.dev/?capitulo=82
69;62;3;https://jso-paginasdavida.pages.dev/?capitulo=62
70;56;4;https://jso-paginasdavida.pages.dev/?capitulo=56
71;228;4;https://jso-paginasdavida.pages.dev/?capitulo=228
72;82;4;https://jso-paginasdavida.pages.dev/?capitulo=82
73;276;4;https://jso-paginasdavida.pages.dev/?capitulo=276
74;219;3;https://jso-paginasdavida.pages.dev/?capitulo=219
75;297;3;https://jso-paginasdavida.pages.dev/?capitulo=297
76;263;4;https://jso-paginasdavida.pages.dev/?capitulo=263
77;263;4;https://jso-paginasdavida.pages.dev/?capitulo=263
78;104;3;https://jso-paginasdavida.pages.dev/?capitulo=104
79;238;3;https://jso-paginasdavida.pages.dev/?capitulo=238
80;314;3;https://jso-paginasdavida.pages.dev/?capitulo=314
81;176;3;https://jso-paginasdavida.pages.dev/?capitulo=176
82;27;3;https://jso-paginasdavida.pages.dev/?capitulo=27
83;132;4;https://jso-paginasdavida.pages.dev/?capitulo=132
84;121;3;https://jso-paginasdavida.pages.dev/?capitulo=121
85;159;3;https://jso-paginasdavida.pages.dev/?capitulo=159
86;314;3;https://jso-paginasdavida.pages.dev/?capitulo=314
87;34;3;https://jso-paginasdavida.pages.dev/?capitulo=34
88;171;3;https://jso-paginasdavida.pages.dev/?capitulo=171
89;91;3;https://jso-paginasdavida.pages.dev/?capitulo=91
90;289;4;https://jso-paginasdavida.pages.dev/?capitulo=289
91;34;3;https://jso-paginasdavida.pages.dev/?capitulo=34
92;147;4;https://jso-paginasdavida.pages.dev/?capitulo=147
93;263;4;https://jso-paginasdavida.pages.dev/?capitulo=263
94;132;4;https://jso-paginasdavida.pages.dev/?capitulo=132
95;219;3;https://jso-paginasdavida.pages.dev/?capitulo=219
96;43;4;https://jso-paginasdavida.pages.dev/?capitulo=43
97;238;3;https://jso-paginasdavida.pages.dev/?capitulo=238
98;314;3;https://jso-paginasdavida.pages.dev/?capitulo=314
99;276;4;https://jso-paginasdavida.pages.dev/?capitulo=276
100;188;4;https://jso-paginasdavida.pages.dev/?capitulo=188
